area_level,area_level_label,area_id,area_name,sex,indicator,indicator_label,mean,se,median,mode,lower,upper
0,Country,MWI,Malawi,both,plhiv,PLHIV,1006632.56295478,9179.10449576261,1006782.34771446,1002246.00381005,988509.217556412,1025684.54598466
0,Country,MWI,Malawi,female,plhiv,PLHIV,621234.020376803,4844.52069494866,621186.27261477,618874.460449349,612120.58183134,631398.431627985
0,Country,MWI,Malawi,male,plhiv,PLHIV,385398.542577978,4766.18618124499,385366.293930426,383339.611145318,375845.328809326,394465.198925321
0,Country,MWI,Malawi,both,unaware_plhiv_num,Number PLHIV unaware,59520.3630712395,5869.99391708999,59336.1006625371,57686.3238973826,48645.799756747,72454.394721826
0,Country,MWI,Malawi,female,unaware_plhiv_num,Number PLHIV unaware,16265.2432890727,1602.72351485,16180.3241023471,15766.6773461413,13301.2889306702,19638.9741861137
0,Country,MWI,Malawi,male,unaware_plhiv_num,Number PLHIV unaware,43255.1197821668,4482.22984729191,42973.3945381089,41910.9112735022,34992.9843014541,53026.2887763849
0,Country,MWI,Malawi,both,aware_plhiv_num,Number PLHIV aware,947112.199883541,1758.19148010458,947153.798681868,945239.531853601,943267.565213586,950215.82947657
0,Country,MWI,Malawi,female,aware_plhiv_num,Number PLHIV aware,604968.777087731,1090.35833578568,604935.237469792,604087.072883142,602919.15199144,607117.171448756
0,Country,MWI,Malawi,male,aware_plhiv_num,Number PLHIV aware,342143.422795811,1474.48009552575,342236.004115636,341151.664808423,338979.48599647,344687.036582503
1,Region,MWI_1_1,Northern,both,plhiv,PLHIV,100651.942190566,1587.18451656902,100597.966065889,100101.19304518,97605.393880858,103787.596396568
1,Region,MWI_1_1,Northern,female,plhiv,PLHIV,59665.0807901948,868.346353417863,59660.8426291257,59372.3225194164,58003.589846035,61342.1960941695
1,Region,MWI_1_1,Northern,male,plhiv,PLHIV,40986.861400371,788.760545196843,40972.4652297065,40725.5293340327,39518.6066337145,42513.6250331163
1,Region,MWI_1_1,Northern,both,unaware_plhiv_num,Number PLHIV unaware,6563.65248043246,876.353127401895,6508.83769838174,6333.92253783076,5058.99628570102,8548.22629452715
1,Region,MWI_1_1,Northern,female,unaware_plhiv_num,Number PLHIV unaware,1740.77809591234,234.447213054426,1722.99225838164,1679.60150324392,1334.35339236081,2266.46671752362
1,Region,MWI_1_1,Northern,male,unaware_plhiv_num,Number PLHIV unaware,4822.87438452012,671.690280215173,4755.08990331145,4655.14908550081,3674.28914765136,6259.64703890926
1,Region,MWI_1_1,Northern,both,aware_plhiv_num,Number PLHIV aware,94088.2897101333,831.339935561453,94075.6203118874,93846.9960833469,92451.8356592827,95673.8093957374
1,Region,MWI_1_1,Northern,female,aware_plhiv_num,Number PLHIV aware,57924.3026942824,515.231434018666,57916.9580116716,57810.7833292956,56936.021116229,58929.8432064613
1,Region,MWI_1_1,Northern,male,aware_plhiv_num,Number PLHIV aware,36163.9870158509,379.017572401393,36152.4868819517,36036.1684611607,35446.2230389399,36912.5702523878
1,Region,MWI_1_2,Central,both,plhiv,PLHIV,281896.641959179,4312.89433420409,282005.595669788,280424.716355873,273539.708900103,290205.340201017
1,Region,MWI_1_2,Central,female,plhiv,PLHIV,168771.319587244,2410.49851712282,168878.1875085,167981.466829338,164222.305708345,173471.194364791
1,Region,MWI_1_2,Central,male,plhiv,PLHIV,113125.322371935,2059.38905112629,113130.574929063,112434.161280636,109007.240748457,116992.981983488
1,Region,MWI_1_2,Central,both,unaware_plhiv_num,Number PLHIV unaware,18119.9790080432,2233.87645461425,18047.7392324167,17525.8858632797,14067.5015135318,22460.72884185
1,Region,MWI_1_2,Central,female,unaware_plhiv_num,Number PLHIV unaware,4765.49411199115,587.049331498231,4741.05687704235,4610.39373882177,3721.99729718379,5900.14762143132
1,Region,MWI_1_2,Central,male,unaware_plhiv_num,Number PLHIV unaware,13354.484896052,1723.37267950707,13266.0722863356,12911.5458239165,10194.6677946734,16847.9748643234
1,Region,MWI_1_2,Central,both,aware_plhiv_num,Number PLHIV aware,263776.662951136,2429.14260403384,263705.137346601,263111.582006685,259236.809299135,268622.670853159
1,Region,MWI_1_2,Central,female,aware_plhiv_num,Number PLHIV aware,164005.825475253,1589.10156734825,163920.902467105,163679.86929791,160989.973214631,167181.769633491
1,Region,MWI_1_2,Central,male,aware_plhiv_num,Number PLHIV aware,99770.8374758832,984.282332274203,99808.941137989,99431.6219172953,97773.3700674384,101763.819446469
1,Region,MWI_1_3,Southern,both,plhiv,PLHIV,624083.978805036,5511.1301396455,624216.772084767,621720.050605482,613114.887625478,634954.873636969
1,Region,MWI_1_3,Southern,female,plhiv,PLHIV,392797.619999365,3078.43636408349,392774.538182518,391522.132909903,386336.675810977,398702.629036932
1,Region,MWI_1_3,Southern,male,plhiv,PLHIV,231286.358805672,2743.66387264666,231353.024992539,230179.37632621,225947.126213897,236770.316659549
1,Region,MWI_1_3,Southern,both,unaware_plhiv_num,Number PLHIV unaware,34836.7315827638,3240.50223677864,34628.8829208592,33825.4980167638,28715.1837854995,41972.120728831
1,Region,MWI_1_3,Southern,female,unaware_plhiv_num,Number PLHIV unaware,9758.97108116921,908.152975112541,9704.84052282641,9477.07008636835,8089.96691218438,11750.8819490268
1,Region,MWI_1_3,Southern,male,unaware_plhiv_num,Number PLHIV unaware,25077.7605015946,2474.71950546436,25001.9922534809,24343.9182451681,20562.3911003823,30499.9191068221
1,Region,MWI_1_3,Southern,both,aware_plhiv_num,Number PLHIV aware,589247.247222272,2359.36862025591,589250.076705921,588280.405509835,584340.657361788,593714.2904834
1,Region,MWI_1_3,Southern,female,aware_plhiv_num,Number PLHIV aware,383038.648918195,1598.49871815142,383026.171320411,382596.015689703,379842.26769257,386149.662909797
1,Region,MWI_1_3,Southern,male,aware_plhiv_num,Number PLHIV aware,206208.598304077,1090.86777694975,206245.936109833,205683.778530645,203994.11130477,208208.671095658
2,Zone,MWI_2_1,Northern,both,plhiv,PLHIV,100651.942190566,1587.18451656902,100597.966065889,100101.19304518,97605.393880858,103787.596396568
2,Zone,MWI_2_1,Northern,female,plhiv,PLHIV,59665.0807901948,868.346353417863,59660.8426291257,59372.3225194164,58003.589846035,61342.1960941695
2,Zone,MWI_2_1,Northern,male,plhiv,PLHIV,40986.861400371,788.760545196843,40972.4652297065,40725.5293340327,39518.6066337145,42513.6250331163
2,Zone,MWI_2_1,Northern,both,unaware_plhiv_num,Number PLHIV unaware,6563.65248043246,876.353127401895,6508.83769838174,6333.92253783076,5058.99628570102,8548.22629452715
2,Zone,MWI_2_1,Northern,female,unaware_plhiv_num,Number PLHIV unaware,1740.77809591234,234.447213054426,1722.99225838164,1679.60150324392,1334.35339236081,2266.46671752362
2,Zone,MWI_2_1,Northern,male,unaware_plhiv_num,Number PLHIV unaware,4822.87438452012,671.690280215173,4755.08990331145,4655.14908550081,3674.28914765136,6259.64703890926
2,Zone,MWI_2_1,Northern,both,aware_plhiv_num,Number PLHIV aware,94088.2897101333,831.339935561453,94075.6203118874,93846.9960833469,92451.8356592827,95673.8093957374
2,Zone,MWI_2_1,Northern,female,aware_plhiv_num,Number PLHIV aware,57924.3026942824,515.231434018666,57916.9580116716,57810.7833292956,56936.021116229,58929.8432064613
2,Zone,MWI_2_1,Northern,male,aware_plhiv_num,Number PLHIV aware,36163.9870158509,379.017572401393,36152.4868819517,36036.1684611607,35446.2230389399,36912.5702523878
2,Zone,MWI_2_2,Central Eastern,both,plhiv,PLHIV,76818.2732101095,2403.85245794712,76851.7713861431,76262.3578612318,72208.4052317158,81538.4611555624
2,Zone,MWI_2_2,Central Eastern,female,plhiv,PLHIV,46157.3103554152,1420.25972689752,46194.4170753707,45851.4616754768,43490.3322359967,48837.3806596135
2,Zone,MWI_2_2,Central Eastern,male,plhiv,PLHIV,30660.9628546943,1018.41265592877,30663.2487969791,30407.9778597161,28673.0719441819,32635.6051162037
2,Zone,MWI_2_2,Central Eastern,both,unaware_plhiv_num,Number PLHIV unaware,4811.94743502802,676.93856456974,4760.97316350678,4642.70094802581,3613.5949137725,6211.290902076
2,Zone,MWI_2_2,Central Eastern,female,unaware_plhiv_num,Number PLHIV unaware,1306.2017268813,184.717568422077,1295.24447868887,1260.35990198127,978.252853421111,1694.28837479609
2,Zone,MWI_2_2,Central Eastern,male,unaware_plhiv_num,Number PLHIV unaware,3505.74570814673,511.770998588492,3461.83572885055,3382.01209160511,2600.06182297292,4558.14869519894
2,Zone,MWI_2_2,Central Eastern,both,aware_plhiv_num,Number PLHIV aware,72006.3257750815,2057.4319012459,71981.0177763956,71675.4161519896,68017.1364404282,76061.0133436154
2,Zone,MWI_2_2,Central Eastern,female,aware_plhiv_num,Number PLHIV aware,44851.1086285339,1286.71293484333,44827.4087836283,44672.6792773615,42396.106010245,47314.9676981139
2,Zone,MWI_2_2,Central Eastern,male,aware_plhiv_num,Number PLHIV aware,27155.2171465476,791.408633229318,27170.2727606054,27002.4707696768,25628.2289476663,28709.2091575901
2,Zone,MWI_2_3,Central Western,both,plhiv,PLHIV,205078.36874907,4090.32810252999,205170.105263221,204162.686528889,197147.959298355,213203.16134878
2,Zone,MWI_2_3,Central Western,female,plhiv,PLHIV,122614.009231829,2368.19356675151,122664.898141447,122130.344810073,118219.687133518,127308.021292177
2,Zone,MWI_2_3,Central Western,male,plhiv,PLHIV,82464.3595172409,1830.6568321539,82474.6405109563,82026.0941679838,78801.5544245486,86029.1541357812
2,Zone,MWI_2_3,Central Western,both,unaware_plhiv_num,Number PLHIV unaware,13308.0315730151,1743.92620036721,13185.084375173,12883.1079278874,10223.56062237,16707.9064045039
2,Zone,MWI_2_3,Central Western,female,unaware_plhiv_num,Number PLHIV unaware,3459.29238510985,452.644282109085,3437.88703972634,3349.881257653,2656.28949869779,4352.54059819811
2,Zone,MWI_2_3,Central Western,male,unaware_plhiv_num,Number PLHIV unaware,9848.73918790529,1347.86036256038,9780.19564513225,9529.56318659814,7488.57398231647,12629.7881766379
2,Zone,MWI_2_3,Central Western,both,aware_plhiv_num,Number PLHIV aware,191770.337176055,2961.1493108882,191763.48560943,191436.762926797,186043.804218174,197760.586865505
2,Zone,MWI_2_3,Central Western,female,aware_plhiv_num,Number PLHIV aware,119154.716846719,1927.40186818102,119140.89432396,119007.944195349,115324.359262481,122904.371854059
2,Zone,MWI_2_3,Central Western,male,aware_plhiv_num,Number PLHIV aware,72615.6203293356,1111.34173748492,72589.0616863013,72428.9502368261,70476.3078452655,74880.2091772558
2,Zone,MWI_2_4,South Eastern,both,plhiv,PLHIV,305793.043180835,4231.61352533582,305846.501290373,304747.518978024,297419.965938344,314013.433528116
2,Zone,MWI_2_4,South Eastern,female,plhiv,PLHIV,197812.898433564,2597.5157004966,197837.095533471,197244.535228283,192531.205585374,202806.188436915
2,Zone,MWI_2_4,South Eastern,male,plhiv,PLHIV,107980.144747271,1753.28208173706,108013.299620035,107493.442232969,104589.963850361,111461.735944181
2,Zone,MWI_2_4,South Eastern,both,unaware_plhiv_num,Number PLHIV unaware,14905.3303157109,1660.64961304452,14876.570219667,14474.6603834645,11787.8292397366,18485.6554591143
2,Zone,MWI_2_4,South Eastern,female,unaware_plhiv_num,Number PLHIV unaware,4422.32350726349,493.131497710346,4404.07149966298,4296.64904997028,3530.78252810402,5465.72733736701
2,Zone,MWI_2_4,South Eastern,male,unaware_plhiv_num,Number PLHIV unaware,10483.0068084474,1226.59966505274,10428.2531470219,10171.1356130485,8262.82001130278,13201.672379857
2,Zone,MWI_2_4,South Eastern,both,aware_plhiv_num,Number PLHIV aware,290887.712865124,3264.31396306881,290951.300186421,290451.747292554,284596.083706484,297475.37693305
2,Zone,MWI_2_4,South Eastern,female,aware_plhiv_num,Number PLHIV aware,193390.5749263,2173.85885531077,193393.876721208,193193.542856442,189181.248209793,197732.14247041
2,Zone,MWI_2_4,South Eastern,male,aware_plhiv_num,Number PLHIV aware,97497.1379388239,1161.95272157177,97490.1078573825,97256.9938742847,95235.2850176402,99748.8910751074
2,Zone,MWI_2_5,South Western,both,plhiv,PLHIV,318290.935624201,3839.2499624688,318313.762078817,316972.041784254,310961.359400411,325959.084677249
2,Zone,MWI_2_5,South Western,female,plhiv,PLHIV,194984.721565801,2223.75096256901,194996.311398656,194277.435197502,190851.770227777,199297.553320016
2,Zone,MWI_2_5,South Western,male,plhiv,PLHIV,123306.2140584,1802.47182009265,123240.32366189601,122685.927796547,119913.6920062,126819.858511521
2,Zone,MWI_2_5,South Western,both,unaware_plhiv_num,Number PLHIV unaware,19931.4012670529,1885.46601591114,19894.0037023252,19350.7441255885,16590.0812565569,23963.560484725
2,Zone,MWI_2_5,South Western,female,unaware_plhiv_num,Number PLHIV unaware,5336.64757390571,505.846571524685,5316.88791451187,5180.4274807657,4468.13496185726,6421.33726014069
2,Zone,MWI_2_5,South Western,male,unaware_plhiv_num,Number PLHIV unaware,14594.7536931472,1464.97400707317,14543.5275938921,14172.7615768211,11935.6903486931,17745.5488517475
2,Zone,MWI_2_5,South Western,both,aware_plhiv_num,Number PLHIV aware,298359.534357149,2402.54296648147,298331.636034604,297828.354216298,293322.180516085,303036.895057079
2,Zone,MWI_2_5,South Western,female,aware_plhiv_num,Number PLHIV aware,189648.073991895,1596.22552952506,189664.847139776,189402.101376407,186535.902043029,192709.356368516
2,Zone,MWI_2_5,South Western,male,aware_plhiv_num,Number PLHIV aware,108711.460365253,936.095110603287,108708.027439524,108426.826865094,106820.044334225,110502.3675992
3,District,MWI_3_01,Chitipa,both,plhiv,PLHIV,6008.26209757137,467.810810438399,5968.02083234407,5961.15741895888,5165.23386319683,6936.82671692494
3,District,MWI_3_01,Chitipa,female,plhiv,PLHIV,3523.01939635489,276.491304429864,3509.38618140406,3496.92036004935,3016.07669224667,4075.36500327364
3,District,MWI_3_01,Chitipa,male,plhiv,PLHIV,2485.24270121648,196.246698133234,2468.11440186768,2464.07651010607,2122.43174077834,2882.78635242242
3,District,MWI_3_01,Chitipa,both,unaware_plhiv_num,Number PLHIV unaware,397.42970218435,89.960771129068,386.932849767128,380.342860975798,246.586641538836,595.067864589317
3,District,MWI_3_01,Chitipa,female,unaware_plhiv_num,Number PLHIV unaware,104.824634474252,24.0661717029471,102.69220108877,100.234791085717,65.1211288494751,158.339394968543
3,District,MWI_3_01,Chitipa,male,unaware_plhiv_num,Number PLHIV unaware,292.605067710098,67.6150833241119,283.093998875008,280.383358678144,178.667793619004,438.454756195253
3,District,MWI_3_01,Chitipa,both,aware_plhiv_num,Number PLHIV aware,5610.83239538702,418.16189801198,5587.59931771755,5586.42461647078,4847.02402885004,6449.14324424222
3,District,MWI_3_01,Chitipa,female,aware_plhiv_num,Number PLHIV aware,3418.19476188064,259.202524515333,3399.96514297468,3405.14251536175,2955.30028521741,3931.23233717693
3,District,MWI_3_01,Chitipa,male,aware_plhiv_num,Number PLHIV aware,2192.63763350638,162.998360346487,2179.1531051763,2181.26995641813,1901.31854523076,2526.5043061931
3,District,MWI_3_02,Karonga,both,plhiv,PLHIV,17521.5188617524,640.243175901124,17527.2560058265,17451.693228282,16319.0001655273,18816.6325403969
3,District,MWI_3_02,Karonga,female,plhiv,PLHIV,10692.1307594269,376.888243262955,10673.1098202624,10655.0351877329,9970.19970594986,11469.8698095752
3,District,MWI_3_02,Karonga,male,plhiv,PLHIV,6829.38810232545,279.313082198013,6828.72252000393,6796.11582983352,6305.19435256298,7391.00787876677
3,District,MWI_3_02,Karonga,both,unaware_plhiv_num,Number PLHIV unaware,1037.82967608665,211.639025591908,1015.51761894939,1003.84517264071,694.135040170428,1505.67960608952
3,District,MWI_3_02,Karonga,female,unaware_plhiv_num,Number PLHIV unaware,289.763443743603,59.4416825564561,283.182260747142,280.357127916996,193.110165148381,418.326991986298
3,District,MWI_3_02,Karonga,male,unaware_plhiv_num,Number PLHIV unaware,748.066232343045,158.601561338966,733.759150486269,723.216203462255,484.432030762543,1106.97597851627
3,District,MWI_3_02,Karonga,both,aware_plhiv_num,Number PLHIV aware,16483.6891856657,520.476266051645,16481.5631244513,16460.8881328706,15477.99335696,17520.9824334079
3,District,MWI_3_02,Karonga,female,aware_plhiv_num,Number PLHIV aware,10402.3673156833,324.489201383508,10392.8540988944,10393.2290949233,9759.28599611805,11046.0875033976
3,District,MWI_3_02,Karonga,male,aware_plhiv_num,Number PLHIV aware,6081.32186998241,207.365442604991,6081.90925104858,6067.61683546947,5671.57820399401,6484.10547822079
3,District,MWI_3_03,Nkhatabay,both,plhiv,PLHIV,15436.7018922693,1251.74368098763,15435.9328453961,15394.9371125669,13144.7390425544,18002.0625932442
3,District,MWI_3_03,Nkhatabay,female,plhiv,PLHIV,8946.98441350355,721.930686603484,8950.10191077925,8927.64060788887,7617.19452152037,10386.8580745197
3,District,MWI_3_03,Nkhatabay,male,plhiv,PLHIV,6489.71747876572,536.675493682606,6492.38940563231,6466.82472316061,5524.15953355663,7581.64984200592
3,District,MWI_3_03,Nkhatabay,both,unaware_plhiv_num,Number PLHIV unaware,999.873326020875,198.197903085673,987.362404789875,970.200292044306,645.479652332274,1429.736982156
3,District,MWI_3_03,Nkhatabay,female,unaware_plhiv_num,Number PLHIV unaware,260.71118068458,52.4160019167857,256.85061267167,252.751645881019,169.523739992253,372.060943086149
3,District,MWI_3_03,Nkhatabay,male,unaware_plhiv_num,Number PLHIV unaware,739.162145336295,149.035725871179,734.768871229871,718.15780375438,476.995171319169,1055.24640250916
3,District,MWI_3_03,Nkhatabay,both,aware_plhiv_num,Number PLHIV aware,14436.8285662484,1159.81222989614,14460.0727638718,14434.7950631646,12317.2949734143,16703.9283477591
3,District,MWI_3_03,Nkhatabay,female,aware_plhiv_num,Number PLHIV aware,8686.27323281897,700.077479662138,8694.47389108198,8690.68272874913,7414.60081757459,10036.6690010932
3,District,MWI_3_03,Nkhatabay,male,aware_plhiv_num,Number PLHIV aware,5750.55533342943,464.502453938453,5762.99067943054,5744.09257978422,4904.43994408978,6663.13086733899
3,District,MWI_3_04,Rumphi,both,plhiv,PLHIV,9537.40860323637,756.032862082218,9519.89803722389,9487.14601774425,8143.63423912294,11066.1043841134
3,District,MWI_3_04,Rumphi,female,plhiv,PLHIV,5489.51310360903,440.238332828741,5477.74623474626,5462.64553461036,4683.61145749083,6387.61713858948
3,District,MWI_3_04,Rumphi,male,plhiv,PLHIV,4047.89549962734,321.21628286611,4043.14370657085,4024.29163650834,3447.81292451733,4690.066317222
3,District,MWI_3_04,Rumphi,both,unaware_plhiv_num,Number PLHIV unaware,628.126297623365,141.846081541847,614.937884746794,598.606905718496,392.333367569129,963.400543113657
3,District,MWI_3_04,Rumphi,female,unaware_plhiv_num,Number PLHIV unaware,156.350012618547,35.6138217266748,153.570994729486,148.837180290353,96.4940997513501,238.467874817309
3,District,MWI_3_04,Rumphi,male,unaware_plhiv_num,Number PLHIV unaware,471.776285004818,109.168468295026,464.163876783622,450.347451013491,291.634466541783,728.392574249227
3,District,MWI_3_04,Rumphi,both,aware_plhiv_num,Number PLHIV aware,8909.28230561301,696.148502210075,8905.44724506804,8898.83762374919,7605.92473171829,10353.5486828717
3,District,MWI_3_04,Rumphi,female,aware_plhiv_num,Number PLHIV aware,5333.16309099048,425.61609819293,5324.39677333336,5329.65212793782,4553.62975683257,6221.18753041996
3,District,MWI_3_04,Rumphi,male,aware_plhiv_num,Number PLHIV aware,3576.11921462253,274.856490343233,3573.60778087207,3569.18123976817,3056.90354352793,4158.50037568302
3,District,MWI_3_05,Mzimba,both,plhiv,PLHIV,51174.9346621557,1494.93125009271,51124.8137092565,50837.5295861028,48418.5205671776,54346.5342997567
3,District,MWI_3_05,Mzimba,female,plhiv,PLHIV,30439.2784310568,866.090764556472,30431.5968812554,30258.5455358211,28838.1980856352,32260.172598189
3,District,MWI_3_05,Mzimba,male,plhiv,PLHIV,20735.6562310989,657.13281880681,20732.2753274725,20577.0107375649,19483.7728120264,22109.3507695139
3,District,MWI_3_05,Mzimba,both,unaware_plhiv_num,Number PLHIV unaware,3455.98530770298,525.469870733285,3423.89022379257,3338.5011070746,2560.64144162593,4649.32680448829
3,District,MWI_3_05,Mzimba,female,unaware_plhiv_num,Number PLHIV unaware,919.36136964127,140.889561954096,909.87044680995,888.226166009815,669.476920150754,1228.88567469815
3,District,MWI_3_05,Mzimba,male,unaware_plhiv_num,Number PLHIV unaware,2536.62393806171,397.720014011651,2505.10689223988,2449.88148620048,1854.19502769965,3376.31694995238
3,District,MWI_3_05,Mzimba,both,aware_plhiv_num,Number PLHIV aware,47718.9493544527,1214.92115267416,47696.5585127164,47538.7583442419,45532.3689482278,50199.681134394
3,District,MWI_3_05,Mzimba,female,aware_plhiv_num,Number PLHIV aware,29519.9170614155,752.299410554341,29502.1356147681,29428.465663797,28149.3657830101,31054.9237759961
3,District,MWI_3_05,Mzimba,male,aware_plhiv_num,Number PLHIV aware,18199.0322930372,480.631845158888,18191.2901604712,18110.349363624,17346.9244539734,19169.5932569458
3,District,MWI_3_06,Likoma,both,plhiv,PLHIV,973.116073580678,30.3295246374273,972.441148074487,968.762634143927,914.535502045018,1032.1232008386
3,District,MWI_3_06,Likoma,female,plhiv,PLHIV,574.154686243597,18.6311459378436,573.368408747234,571.586857548794,539.117561185034,609.651722521397
3,District,MWI_3_06,Likoma,male,plhiv,PLHIV,398.96138733708,16.2052856766901,398.693425798015,397.175702106624,367.378754466262,431.25728374979
3,District,MWI_3_06,Likoma,both,unaware_plhiv_num,Number PLHIV unaware,44.4081708142442,11.5594329557455,42.9591282507073,42.3863827610052,26.0487870801894,70.6595901030232
3,District,MWI_3_06,Likoma,female,unaware_plhiv_num,Number PLHIV unaware,9.76745475008384,2.55408377954362,9.44208813456484,9.31501766383129,5.74280933151633,15.3818150473789
3,District,MWI_3_06,Likoma,male,unaware_plhiv_num,Number PLHIV unaware,34.6407160641604,9.25717342651767,33.7518203280806,33.1051147092614,20.2397588387886,56.1430560238769
3,District,MWI_3_06,Likoma,both,aware_plhiv_num,Number PLHIV aware,928.707902766433,21.6984312378247,928.840220143434,927.123145900817,887.050228001604,970.792454220807
3,District,MWI_3_06,Likoma,female,aware_plhiv_num,Number PLHIV aware,564.387231493513,15.0055925259393,564.486642360074,563.426009840639,535.097437073343,593.105091142619
3,District,MWI_3_06,Likoma,male,aware_plhiv_num,Number PLHIV aware,364.32067127292,11.9524214241474,363.881601636089,363.697096125834,342.35602179244,388.199861914347
3,District,MWI_3_07,Kasungu,both,plhiv,PLHIV,20977.3182587471,1538.12519246186,20855.830254621,20890.1071952906,18115.355784926,24161.6088330705
3,District,MWI_3_07,Kasungu,female,plhiv,PLHIV,12522.3561218802,918.832541396839,12449.9829687933,12476.7179955343,10807.3756008523,14418.008305876
3,District,MWI_3_07,Kasungu,male,plhiv,PLHIV,8454.96213686699,628.042659846144,8426.17644618053,8412.71389289074,7260.70855725613,9758.88017706051
3,District,MWI_3_07,Kasungu,both,unaware_plhiv_num,Number PLHIV unaware,1235.31064462833,251.824661002959,1210.07266163428,1198.13069878556,804.181848298539,1783.50896043026
3,District,MWI_3_07,Kasungu,female,unaware_plhiv_num,Number PLHIV unaware,325.434886977675,66.5101600078342,319.637088525769,315.748614232595,213.448705703444,467.546170173899
3,District,MWI_3_07,Kasungu,male,unaware_plhiv_num,Number PLHIV unaware,909.87575765066,190.822297198068,890.791967597214,882.007589227449,590.10332644136,1317.35619976308
3,District,MWI_3_07,Kasungu,both,aware_plhiv_num,Number PLHIV aware,19742.0076141188,1430.46410711063,19628.7718696938,19705.2143833559,17101.7024422379,22682.7944349678
3,District,MWI_3_07,Kasungu,female,aware_plhiv_num,Number PLHIV aware,12196.9212349025,890.649264203847,12141.9937700325,12180.3121550081,10523.5235718994,14039.3641097894
3,District,MWI_3_07,Kasungu,male,aware_plhiv_num,Number PLHIV aware,7545.08637921632,545.929293955141,7494.29100515819,7524.81006302432,6547.60192160406,8700.6734533468
3,District,MWI_3_08,Nkhotakota,both,plhiv,PLHIV,14018.9824765758,1163.02537320848,13974.0393923223,13940.2461793958,11940.8580918502,16459.6243180217
3,District,MWI_3_08,Nkhotakota,female,plhiv,PLHIV,8320.48098056853,690.51321665278,8288.58941285502,8279.81552634496,7086.94015445554,9755.99231289835
3,District,MWI_3_08,Nkhotakota,male,plhiv,PLHIV,5698.50149600722,479.112920021692,5673.52220440346,5659.81551170926,4857.05492272138,6678.1494784504
3,District,MWI_3_08,Nkhotakota,both,unaware_plhiv_num,Number PLHIV unaware,952.660478038653,205.119695805984,932.2963178711,919.016503478209,613.246029908208,1413.87899559834
3,District,MWI_3_08,Nkhotakota,female,unaware_plhiv_num,Number PLHIV unaware,262.402848407183,57.1064496275757,257.790041483524,253.205948761019,170.369378134711,394.549498710317
3,District,MWI_3_08,Nkhotakota,male,unaware_plhiv_num,Number PLHIV unaware,690.25762963147,150.459792629969,677.372796418758,665.591860932409,439.026862096091,1022.81993113349
3,District,MWI_3_08,Nkhotakota,both,aware_plhiv_num,Number PLHIV aware,13066.3219985371,1058.2150478634,13025.8417337397,13032.620152665,11165.6985503813,15171.1381545507
3,District,MWI_3_08,Nkhotakota,female,aware_plhiv_num,Number PLHIV aware,8058.07813216135,656.759566044615,8049.57915945592,8043.27373521052,6864.7634277712305,9412.60037169951
3,District,MWI_3_08,Nkhotakota,male,aware_plhiv_num,Number PLHIV aware,5008.24386637576,406.448846962785,4995.56512016193,4989.33321579657,4274.37715777969,5837.83595313877
3,District,MWI_3_09,Ntchisi,both,plhiv,PLHIV,5254.12379885594,497.664312881443,5249.38295048504,5203.77375179753,4293.68555394636,6233.45330348201
3,District,MWI_3_09,Ntchisi,female,plhiv,PLHIV,3092.12085703829,295.008656035386,3088.42631907862,3064.98837611504,2520.47014401041,3660.61424196192
3,District,MWI_3_09,Ntchisi,male,plhiv,PLHIV,2162.00294181765,206.426626708444,2161.40910045343,2138.5148116664,1757.6131377774,2553.49661131064
3,District,MWI_3_09,Ntchisi,both,unaware_plhiv_num,Number PLHIV unaware,320.575145649094,71.6489254089729,310.978991818869,308.37876932192,205.485803070062,486.326330116723
3,District,MWI_3_09,Ntchisi,female,unaware_plhiv_num,Number PLHIV unaware,84.9301702472733,19.115821278913,82.5022536090895,81.7113819274232,54.2006389228363,128.449918907405
3,District,MWI_3_09,Ntchisi,male,unaware_plhiv_num,Number PLHIV unaware,235.644975401821,53.6898183484499,228.433447073098,226.62752398728,151.043070324883,357.928015330715
3,District,MWI_3_09,Ntchisi,both,aware_plhiv_num,Number PLHIV aware,4933.54865320684,465.026035862898,4926.0683412157,4898.83665270375,4008.42998758572,5810.05356175486
3,District,MWI_3_09,Ntchisi,female,aware_plhiv_num,Number PLHIV aware,3007.19068679101,286.951699937364,3003.69517084052,2988.49917603343,2439.79328649165,3555.13708757405
3,District,MWI_3_09,Ntchisi,male,aware_plhiv_num,Number PLHIV aware,1926.35796641583,181.347888320491,1924.64020807911,1910.2899292563,1559.81069419162,2261.36672580682
3,District,MWI_3_10,Dowa,both,plhiv,PLHIV,16305.8683906657,1476.66505779221,16257.1227176836,16159.5398825642,13492.7345417064,19336.0584760574
3,District,MWI_3_10,Dowa,female,plhiv,PLHIV,9541.77659057438,868.094130605111,9503.61472208002,9462.59217252622,7906.59370099971,11309.9654526656
3,District,MWI_3_10,Dowa,male,plhiv,PLHIV,6764.09180009133,615.413684725057,6750.25756447924,6696.2533983723,5572.74144274791,8044.00383332397
3,District,MWI_3_10,Dowa,both,unaware_plhiv_num,Number PLHIV unaware,1231.27375495637,255.356281476942,1199.90772925965,1184.58569579875,794.834555684446,1812.26462051168
3,District,MWI_3_10,Dowa,female,unaware_plhiv_num,Number PLHIV unaware,323.673866086947,68.3734770330592,314.718925927086,311.162216905421,210.49015710504,473.556845429075
3,District,MWI_3_10,Dowa,male,unaware_plhiv_num,Number PLHIV unaware,907.599888869422,188.897263746756,888.020080561762,874.198212880233,577.401543852087,1314.79741001096
3,District,MWI_3_10,Dowa,both,aware_plhiv_num,Number PLHIV aware,15074.5946357093,1357.77016722122,15029.481639549,14989.2605587874,12564.1292541104,17848.310520103
3,District,MWI_3_10,Dowa,female,aware_plhiv_num,Number PLHIV aware,9218.10272448743,839.1229426867,9189.06501233323,9173.20745861114,7663.69062698874,10946.1812645843
3,District,MWI_3_10,Dowa,male,aware_plhiv_num,Number PLHIV aware,5856.49191122191,523.715477912028,5831.1293935249,5816.08005114483,4867.04387884298,6921.48478550104
3,District,MWI_3_11,Salima,both,plhiv,PLHIV,20261.9802852649,1352.96666927448,20195.042222546,20068.7582878138,17799.0872926356,22991.0098143564
3,District,MWI_3_11,Salima,female,plhiv,PLHIV,12680.5758053538,831.961782463399,12642.154646111,12567.3092802212,11168.9597608122,14353.0114514913
3,District,MWI_3_11,Salima,male,plhiv,PLHIV,7581.40447991114,529.697766258839,7548.83330556544,7500.69254934243,6646.68885438134,8664.19761780066
3,District,MWI_3_11,Salima,both,unaware_plhiv_num,Number PLHIV unaware,1072.12741175557,216.990163122805,1062.36981191364,1032.57496693832,716.790059646907,1532.57866705546
3,District,MWI_3_11,Salima,female,unaware_plhiv_num,Number PLHIV unaware,309.759955162218,63.0074486412741,305.482775088306,298.47503761645,204.579672943574,442.878106077495
3,District,MWI_3_11,Salima,male,unaware_plhiv_num,Number PLHIV unaware,762.367456593355,157.674940375502,752.821924709084,733.626907339513,497.438176533554,1097.08250360245
3,District,MWI_3_11,Salima,both,aware_plhiv_num,Number PLHIV aware,19189.8528735094,1243.94484801282,19154.2082554524,19049.5836338575,16912.6799325072,21597.0291398417
3,District,MWI_3_11,Salima,female,aware_plhiv_num,Number PLHIV aware,12370.8158501916,792.743451426593,12347.5805557298,12287.5109548816,10913.0804390745,13927.4013166845
3,District,MWI_3_11,Salima,male,aware_plhiv_num,Number PLHIV aware,6819.03702331778,457.092202805938,6794.17129444519,6761.95219426956,5988.24205555263,7740.88877728461
3,District,MWI_3_12,Lilongwe,both,plhiv,PLHIV,132500.545096684,2995.50418442725,132488.086967345,131996.668216176,126640.376417032,138427.572362375
3,District,MWI_3_12,Lilongwe,female,plhiv,PLHIV,78125.0707285006,1690.48994662548,78139.1414326806,77873.129334633,74802.1821935499,81422.3203186143
3,District,MWI_3_12,Lilongwe,male,plhiv,PLHIV,54375.4743681835,1373.86990267408,54360.5021030856,54119.2215187452,51812.7011193364,57019.6070894713
3,District,MWI_3_12,Lilongwe,both,unaware_plhiv_num,Number PLHIV unaware,8585.52426984257,1282.75389076552,8502.9694945785,8313.75422775879,6303.40985309499,11085.051292072
3,District,MWI_3_12,Lilongwe,female,unaware_plhiv_num,Number PLHIV unaware,2164.9779530584,321.97996401115,2144.08622322405,2098.02220466572,1599.09570469687,2805.27626817494
3,District,MWI_3_12,Lilongwe,male,unaware_plhiv_num,Number PLHIV unaware,6420.54631678417,1001.56409879238,6365.30386881955,6210.05376262302,4657.62326253231,8459.54641767786
3,District,MWI_3_12,Lilongwe,both,aware_plhiv_num,Number PLHIV aware,123915.020826842,2231.58485446389,123859.006991063,123784.410833158,119628.410760209,128300.832899803
3,District,MWI_3_12,Lilongwe,female,aware_plhiv_num,Number PLHIV aware,75960.0927754422,1406.01375012239,75976.7326854086,75921.5831567589,73332.3015581018,78774.3544429663
3,District,MWI_3_12,Lilongwe,male,aware_plhiv_num,Number PLHIV aware,47954.9280513993,875.392879841535,47938.4439613253,47863.0294946613,46279.4040582917,49686.6117854077
3,District,MWI_3_13,Mchinji,both,plhiv,PLHIV,20692.9824226351,1180.94434779095,20658.9995674799,20580.0041311886,18529.3048245386,23199.4637913276
3,District,MWI_3_13,Mchinji,female,plhiv,PLHIV,12172.3387034311,704.539601641319,12126.6695073077,12113.817917049,10891.2451886535,13694.235774514
3,District,MWI_3_13,Mchinji,male,plhiv,PLHIV,8520.64371920394,487.57325137944,8508.71160842855,8465.36998336379,7637.81403280149,9499.56770045095
3,District,MWI_3_13,Mchinji,both,unaware_plhiv_num,Number PLHIV unaware,1398.95796758554,279.368495183225,1381.78414477004,1340.71050156673,934.13180577357,1992.42090131683
3,District,MWI_3_13,Mchinji,female,unaware_plhiv_num,Number PLHIV unaware,372.866687715012,75.9158902519277,366.552589239259,357.113729358432,249.776305554061,539.643769142867
3,District,MWI_3_13,Mchinji,male,unaware_plhiv_num,Number PLHIV unaware,1026.09127987053,206.715458926372,1011.81889886654,984.317624783561,681.830750717797,1450.65585323585
3,District,MWI_3_13,Mchinji,both,aware_plhiv_num,Number PLHIV aware,19294.0244550495,1031.7906751575,19248.6323731522,19258.7706078274,17433.8824116632,21366.6452125944
3,District,MWI_3_13,Mchinji,female,aware_plhiv_num,Number PLHIV aware,11799.4720157161,648.475525908278,11757.2724812249,11786.3151349817,10633.2224671534,13113.4625110295
3,District,MWI_3_13,Mchinji,male,aware_plhiv_num,Number PLHIV aware,7494.55243933341,391.287073413173,7485.1146824082,7472.41445970786,6772.72501001119,8307.54160083293
3,District,MWI_3_14,Dedza,both,plhiv,PLHIV,22314.1343951962,1775.95959845949,22192.7415564749,22157.2387292885,19184.813924902,25928.3753458818
3,District,MWI_3_14,Dedza,female,plhiv,PLHIV,13763.8779311104,1117.62788620079,13717.2166466234,13671.428598674,11783.2471306164,16008.8638107848
3,District,MWI_3_14,Dedza,male,plhiv,PLHIV,8550.25646408574,666.53062102925,8505.9051010631,8485.3563729548,7395.28715689998,9918.83733601416
3,District,MWI_3_14,Dedza,both,unaware_plhiv_num,Number PLHIV unaware,1441.88624091114,291.677051089249,1411.55928784919,1396.1222247066,947.51935903218,2056.42443996792
3,District,MWI_3_14,Dedza,female,unaware_plhiv_num,Number PLHIV unaware,402.846454796818,83.3934620225993,394.595215432671,389.570256438693,258.968689257791,582.824423494622
3,District,MWI_3_14,Dedza,male,unaware_plhiv_num,Number PLHIV unaware,1039.03978611433,210.063196528699,1019.88996487619,1008.19989710122,677.279884816158,1471.73961642248
3,District,MWI_3_14,Dedza,both,aware_plhiv_num,Number PLHIV aware,20872.248154285,1657.28104561451,20818.6127448394,20777.3208952611,17867.6698992059,24252.3554826494
3,District,MWI_3_14,Dedza,female,aware_plhiv_num,Number PLHIV aware,13361.0314763136,1088.26580651988,13325.3493894103,13305.8141381686,11358.9740302628,15533.8215649086
3,District,MWI_3_14,Dedza,male,aware_plhiv_num,Number PLHIV aware,7511.21667797142,575.624051514926,7481.02790221309,7471.4791162471,6454.69826126845,8695.9924860559
3,District,MWI_3_15,Ntcheu,both,plhiv,PLHIV,29570.7068345545,2194.30602349998,29503.3945672979,29429.1961267885,25458.4266817801,34027.2315412612
3,District,MWI_3_15,Ntcheu,female,plhiv,PLHIV,18552.7218687868,1398.47143558856,18541.4871909771,18472.2814248336,15945.862280711,21446.0143883805
3,District,MWI_3_15,Ntcheu,male,plhiv,PLHIV,11017.9849657677,806.428385007786,10996.6423008324,10956.0860448752,9518.68752152117,12729.4947003275
3,District,MWI_3_15,Ntcheu,both,unaware_plhiv_num,Number PLHIV unaware,1881.66309467589,374.82019934692,1837.54594079068,1831.82473359489,1250.0121765861,2708.68362683401
3,District,MWI_3_15,Ntcheu,female,unaware_plhiv_num,Number PLHIV unaware,518.601289539617,104.255390346832,505.898457919053,504.857432234637,345.001374633294,741.281214429489
3,District,MWI_3_15,Ntcheu,male,unaware_plhiv_num,Number PLHIV unaware,1363.06180513628,276.079215596338,1334.75724306875,1326.99520402081,907.614837974348,1972.40427693448
3,District,MWI_3_15,Ntcheu,both,aware_plhiv_num,Number PLHIV aware,27689.0437398786,2029.08310411537,27599.8542933143,27616.5646804595,24011.6525561703,31687.8117629674
3,District,MWI_3_15,Ntcheu,female,aware_plhiv_num,Number PLHIV aware,18034.1205792471,1355.03690360179,17979.9663816217,17994.5936503079,15623.5736167667,20744.6506955243
3,District,MWI_3_15,Ntcheu,male,aware_plhiv_num,Number PLHIV aware,9654.92316063148,682.019278027012,9632.06472874834,9621.97685043959,8436.44845806213,11021.5171525008
3,District,MWI_3_16,Mangochi,both,plhiv,PLHIV,67981.2667077144,2924.03359238885,67877.5123168247,67776.9045996189,62213.8375557208,73627.3862534741
3,District,MWI_3_16,Mangochi,female,plhiv,PLHIV,44747.3989547985,1903.24789933955,44700.6620512343,44640.855604767,41025.7768454356,48445.096709671
3,District,MWI_3_16,Mangochi,male,plhiv,PLHIV,23233.8677529159,1041.83727892349,23208.9617932473,23133.4906383285,21107.2433689069,25243.9739754001
3,District,MWI_3_16,Mangochi,both,unaware_plhiv_num,Number PLHIV unaware,3134.13443760994,582.421744011327,3091.30099992484,3034.1743009035,2142.62402630607,4401.61731718685
3,District,MWI_3_16,Mangochi,female,unaware_plhiv_num,Number PLHIV unaware,957.212948373954,178.65483075828,943.225473012344,927.389354022738,654.61435153803,1347.53222686698
3,District,MWI_3_16,Mangochi,male,unaware_plhiv_num,Number PLHIV unaware,2176.92148923598,414.67525238626,2126.89404679446,2104.32033853156,1449.55422225082,3122.26701253843
3,District,MWI_3_16,Mangochi,both,aware_plhiv_num,Number PLHIV aware,64847.1322701044,2669.80614282782,64853.3617033296,64790.8957551274,59442.8839960016,69811.5843760695
3,District,MWI_3_16,Mangochi,female,aware_plhiv_num,Number PLHIV aware,43790.1860064245,1802.69971775183,43841.6670463794,43777.1925594931,40207.2956188679,47130.1269607357
3,District,MWI_3_16,Mangochi,male,aware_plhiv_num,Number PLHIV aware,21056.9462636799,879.698106055572,21052.0784968439,21013.3150437246,19259.1369697022,22724.631635542
3,District,MWI_3_17,Machinga,both,plhiv,PLHIV,31398.5890296878,1942.5738453156,31405.9804107519,31170.8899993019,27781.7928758837,35149.4152005168
3,District,MWI_3_17,Machinga,female,plhiv,PLHIV,20761.5871796224,1266.08080061779,20774.9130008821,20624.9503856083,18419.7011751631,23258.1261876859
3,District,MWI_3_17,Machinga,male,plhiv,PLHIV,10637.0018500654,687.614859386557,10636.8434288267,10544.6038083479,9262.96250902454,11969.9363922655
3,District,MWI_3_17,Machinga,both,unaware_plhiv_num,Number PLHIV unaware,1827.06277519131,319.146397616615,1799.79500642279,1762.95336096661,1280.47469765996,2576.57678243583
3,District,MWI_3_17,Machinga,female,unaware_plhiv_num,Number PLHIV unaware,600.388577751569,106.298011811928,591.139908389395,579.265712286362,417.127942115374,839.727494646437
3,District,MWI_3_17,Machinga,male,unaware_plhiv_num,Number PLHIV unaware,1226.67419743974,216.186616457656,1213.73103361625,1183.84954200424,852.534624753164,1709.32534613826
3,District,MWI_3_17,Machinga,both,aware_plhiv_num,Number PLHIV aware,29571.5262544965,1818.83410074793,29573.3119289753,29432.6694907875,26149.9470934663,33402.1222091067
3,District,MWI_3_17,Machinga,female,aware_plhiv_num,Number PLHIV aware,20161.1986018708,1229.84399156929,20130.7753743378,20079.2986693726,17885.7631159665,22786.8947495659
3,District,MWI_3_17,Machinga,male,aware_plhiv_num,Number PLHIV aware,9410.32765262571,595.556904990363,9408.89282661682,9353.25175576562,8258.95788537822,10614.7925954363
3,District,MWI_3_18,Zomba,both,plhiv,PLHIV,73293.6521424051,2742.07097086806,73263.9253725283,73096.6588475115,67904.3595720375,78618.7051568577
3,District,MWI_3_18,Zomba,female,plhiv,PLHIV,46386.3337383969,1753.96649998241,46358.4926564742,46284.4928181845,42995.185630293,49830.9988773597
3,District,MWI_3_18,Zomba,male,plhiv,PLHIV,26907.3184040083,1009.82676127952,26886.6384181973,26810.1992479765,24935.2775332915,28862.7634424325
3,District,MWI_3_18,Zomba,both,unaware_plhiv_num,Number PLHIV unaware,3919.09320933224,557.733872691977,3886.79334035044,3832.72664773595,2943.14706214425,5122.90853138253
3,District,MWI_3_18,Zomba,female,unaware_plhiv_num,Number PLHIV unaware,1123.20037719919,162.861394328613,1113.41974931161,1099.12023008868,835.765385741073,1475.61217180538
3,District,MWI_3_18,Zomba,male,unaware_plhiv_num,Number PLHIV unaware,2795.89283213305,401.539663713329,2770.70612271417,2731.47675251723,2096.79736206248,3646.00370620701
3,District,MWI_3_18,Zomba,both,aware_plhiv_num,Number PLHIV aware,69374.5589330729,2520.3459228292,69379.4915952459,69296.6684886922,64646.1880544301,74338.7472828166
3,District,MWI_3_18,Zomba,female,aware_plhiv_num,Number PLHIV aware,45263.1333611977,1682.62395424741,45288.8266034625,45231.2035409356,42059.5367032435,48600.912187268
3,District,MWI_3_18,Zomba,male,aware_plhiv_num,Number PLHIV aware,24111.4255718752,850.893398668836,24113.2201527326,24065.339339058,22463.7281344902,25739.0697886009
3,District,MWI_3_19,Mulanje,both,plhiv,PLHIV,66888.0424803461,2996.73888257791,66762.3606941773,66595.4819388877,61338.3883509663,73107.5447973301
3,District,MWI_3_19,Mulanje,female,plhiv,PLHIV,43239.2525030893,1916.64609074426,43180.4087709268,43075.2365757778,39633.0186127983,47226.5843662209
3,District,MWI_3_19,Mulanje,male,plhiv,PLHIV,23648.7899772568,1102.32936541834,23590.1302986269,23518.1257121255,21657.1624960009,25919.2675634047
3,District,MWI_3_19,Mulanje,both,unaware_plhiv_num,Number PLHIV unaware,2802.45710691079,502.933967242366,2760.12439483174,2694.17893027849,1870.3969038741,3819.99333597508
3,District,MWI_3_19,Mulanje,female,unaware_plhiv_num,Number PLHIV unaware,793.98386018175,143.192377996185,784.667779778253,763.592427619381,532.244387981323,1096.39497472764
3,District,MWI_3_19,Mulanje,male,unaware_plhiv_num,Number PLHIV unaware,2008.47324672904,375.777110707617,1982.50451201415,1929.61345274598,1326.582779993,2819.66774316493
3,District,MWI_3_19,Mulanje,both,aware_plhiv_num,Number PLHIV aware,64085.5853734353,2824.69087405734,64006.1881437631,63944.6274104141,58767.9324491372,69657.5553214324
3,District,MWI_3_19,Mulanje,female,aware_plhiv_num,Number PLHIV aware,42445.2686429076,1870.39451944385,42419.8616017634,42372.7903771051,38854.5315098446,46030.270933767
3,District,MWI_3_19,Mulanje,male,aware_plhiv_num,Number PLHIV aware,21640.3167305278,965.662562484342,21631.0321549909,21571.431857943,19842.0295298121,23591.2548554124
3,District,MWI_3_20,Phalombe,both,plhiv,PLHIV,34942.0714166595,1803.06891243741,34933.3958485076,34897.2234366039,31612.1311326904,38489.5948054311
3,District,MWI_3_20,Phalombe,female,plhiv,PLHIV,22190.0837576641,1158.20739260891,22186.1539994192,22171.9378868737,20032.4314285922,24441.3932444033
3,District,MWI_3_20,Phalombe,male,plhiv,PLHIV,12751.9876589954,653.484585651934,12745.405702634,12724.3885631825,11525.7024110184,14007.397095877
3,District,MWI_3_20,Phalombe,both,unaware_plhiv_num,Number PLHIV unaware,1266.45744145392,247.520579895943,1247.92050670932,1244.50850913253,845.528437415287,1823.45450713759
3,District,MWI_3_20,Phalombe,female,unaware_plhiv_num,Number PLHIV unaware,355.693433753858,69.8400799153854,350.606356498523,350.022118224387,238.361183522233,511.05446237021
3,District,MWI_3_20,Phalombe,male,unaware_plhiv_num,Number PLHIV unaware,910.764007700063,182.044648521257,894.479579278211,892.831018651009,599.982965214254,1309.3424760824
3,District,MWI_3_20,Phalombe,both,aware_plhiv_num,Number PLHIV aware,33675.6139752055,1719.91966696527,33698.2840099725,33661.264847172,30477.0009395838,36973.1691655769
3,District,MWI_3_20,Phalombe,female,aware_plhiv_num,Number PLHIV aware,21834.3903239102,1135.78005347151,21842.3566153419,21833.4926338655,19700.5967514237,24055.2271295244
3,District,MWI_3_20,Phalombe,male,aware_plhiv_num,Number PLHIV aware,11841.2236512953,590.317695804448,11824.614372204,11827.5072713624,10768.6568025712,12978.2913771926
3,District,MWI_3_21,Balaka,both,plhiv,PLHIV,31289.4214040221,2114.45444587866,31291.1379471237,31210.8987862759,27367.9911636976,35485.7505411942
3,District,MWI_3_21,Balaka,female,plhiv,PLHIV,20488.2422999925,1369.1972624550301,20493.4597242814,20447.3915983372,17860.5501376118,23215.4342766393
3,District,MWI_3_21,Balaka,male,plhiv,PLHIV,10801.1791040296,757.905409163134,10776.1713232425,10762.5635711561,9417.44145925851,12366.8016642779
3,District,MWI_3_21,Balaka,both,unaware_plhiv_num,Number PLHIV unaware,1956.1253452127,363.611715379022,1924.75510349773,1907.38209725892,1325.41926185667,2733.81097311378
3,District,MWI_3_21,Balaka,female,unaware_plhiv_num,Number PLHIV unaware,591.844310003173,110.490176447384,581.870809297917,577.403898045774,399.073585098563,831.352046912836
3,District,MWI_3_21,Balaka,male,unaware_plhiv_num,Number PLHIV unaware,1364.28103520953,261.413533372225,1344.82210587037,1328.9804865563,919.340649672678,1914.18334424403
3,District,MWI_3_21,Balaka,both,aware_plhiv_num,Number PLHIV aware,29333.2960588094,1957.06350100777,29283.8521786516,29325.7030194007,25610.1234312228,33352.1469047365
3,District,MWI_3_21,Balaka,female,aware_plhiv_num,Number PLHIV aware,19896.3979899894,1324.41207663166,19871.4964319326,19899.6283674063,17319.8988605076,22591.6063144474
3,District,MWI_3_21,Balaka,male,aware_plhiv_num,Number PLHIV aware,9436.89806882004,639.475739263926,9428.52747254814,9426.14472862341,8261.77524849179,10738.3753899367
3,District,MWI_3_22,Chiradzulu,both,plhiv,PLHIV,41147.5115508243,2271.73673834664,41097.7730807611,40927.8658521847,36776.6634154572,45561.9775559874
3,District,MWI_3_22,Chiradzulu,female,plhiv,PLHIV,25921.828219549,1427.82211156704,25898.6940149238,25795.9111057109,23237.6309334002,28746.8829817267
3,District,MWI_3_22,Chiradzulu,male,plhiv,PLHIV,15225.6833312753,862.687250104555,15204.2688943505,15130.9368572312,13581.7849298348,16912.387814471
3,District,MWI_3_22,Chiradzulu,both,unaware_plhiv_num,Number PLHIV unaware,3002.97912790541,414.685355637687,2985.98275443029,2908.88512062478,2265.97037218055,3880.80262467505
3,District,MWI_3_22,Chiradzulu,female,unaware_plhiv_num,Number PLHIV unaware,883.831867639973,125.659366146751,875.388089728291,854.944842449233,661.199031280729,1151.74140371462
3,District,MWI_3_22,Chiradzulu,male,unaware_plhiv_num,Number PLHIV unaware,2119.14726026544,294.42802561383,2106.59799807208,2057.19022575028,1595.69712866087,2729.19679167968
3,District,MWI_3_22,Chiradzulu,both,aware_plhiv_num,Number PLHIV aware,38144.5324229189,2130.54001299833,38066.6174701053,38050.3854087015,34104.3309399095,42305.479206054
3,District,MWI_3_22,Chiradzulu,female,aware_plhiv_num,Number PLHIV aware,25037.996351909,1400.05781969091,25001.8764912257,24988.0764611417,22303.5569791866,27779.0824449916
3,District,MWI_3_22,Chiradzulu,male,aware_plhiv_num,Number PLHIV aware,13106.5360710099,740.993624467007,13064.9063940011,13062.5125397454,11704.535885876,14558.6704166722
3,District,MWI_3_23,Blantyre,both,plhiv,PLHIV,129853.087368986,4143.80320517245,129666.377450085,129379.282233284,122087.706278416,138377.471733039
3,District,MWI_3_23,Blantyre,female,plhiv,PLHIV,76149.0411479288,2499.76317821863,76044.9688022217,75911.1673005365,71567.8135058397,81134.2395026675
3,District,MWI_3_23,Blantyre,male,plhiv,PLHIV,53704.0462210568,1701.18923085077,53631.286742085,53464.6885387797,50503.4292828563,57212.201105362
3,District,MWI_3_23,Blantyre,both,unaware_plhiv_num,Number PLHIV unaware,9281.56630366527,1100.00254182332,9235.31617043857,9051.18152761023,7355.06345533809,11720.3231444831
3,District,MWI_3_23,Blantyre,female,unaware_plhiv_num,Number PLHIV unaware,2280.44415145424,272.394016912111,2268.65760587449,2224.84632395985,1802.68158308847,2894.45539925977
3,District,MWI_3_23,Blantyre,male,unaware_plhiv_num,Number PLHIV unaware,7001.12215221103,864.215403562434,6941.50727146334,6822.7642976936,5453.98209115471,8871.4226745388
3,District,MWI_3_23,Blantyre,both,aware_plhiv_num,Number PLHIV aware,120571.52106532,3539.97423116519,120615.526395271,120409.285957414,113946.111963635,127871.528155921
3,District,MWI_3_23,Blantyre,female,aware_plhiv_num,Number PLHIV aware,73868.5969964746,2278.97728877474,73836.943639455,73805.7596744674,69621.367850648,78398.3744620326
3,District,MWI_3_23,Blantyre,male,aware_plhiv_num,Number PLHIV aware,46702.9240688458,1293.96136059101,46711.7317630216,46604.3508182734,44242.7318282523,49398.7371420287
3,District,MWI_3_24,Mwanza,both,plhiv,PLHIV,6942.31844142386,603.853316382919,6917.05211079517,6878.97604607135,5857.02349321847,8157.78372610765
3,District,MWI_3_24,Mwanza,female,plhiv,PLHIV,4333.87396425874,371.91519219587,4319.92484389654,4298.94174914938,3674.73679994333,5089.11066440407
3,District,MWI_3_24,Mwanza,male,plhiv,PLHIV,2608.44447716513,237.217984680467,2598.55236780207,2579.58813032331,2162.48605115264,3093.85496035566
3,District,MWI_3_24,Mwanza,both,unaware_plhiv_num,Number PLHIV unaware,541.334223041462,106.042963504043,529.03508814841,517.392524191365,362.879298464266,773.27345471953
3,District,MWI_3_24,Mwanza,female,unaware_plhiv_num,Number PLHIV unaware,157.777531272338,31.181629174305,153.791470449633,150.883659134313,106.29984018145,225.356177297248
3,District,MWI_3_24,Mwanza,male,unaware_plhiv_num,Number PLHIV unaware,383.556691769124,76.5573277057912,376.28771812536303,366.258462553148,260.357850619112,550.040958425966
3,District,MWI_3_24,Mwanza,both,aware_plhiv_num,Number PLHIV aware,6400.9842183824,555.105659357387,6369.6397973174,6369.93186790683,5389.87364730075,7515.75588425008
3,District,MWI_3_24,Mwanza,female,aware_plhiv_num,Number PLHIV aware,4176.0964329864,358.602993405918,4156.28067671459,4159.76034026835,3527.43007888214,4892.82804648124
3,District,MWI_3_24,Mwanza,male,aware_plhiv_num,Number PLHIV aware,2224.887785396,200.084477980793,2215.63049265188,2210.23440021269,1856.62308166193,2631.52839591076
3,District,MWI_3_25,Thyolo,both,plhiv,PLHIV,72610.9187535514,3499.05370550921,72497.0725185342,72361.9300004526,65750.5148838311,79229.3645908083
3,District,MWI_3_25,Thyolo,female,plhiv,PLHIV,46380.9004263676,2210.90102519475,46340.7963298784,46242.9542659324,42050.7207796054,50593.6423670593
3,District,MWI_3_25,Thyolo,male,plhiv,PLHIV,26230.0183271839,1310.77807028696,26183.0166971478,26117.2033440453,23660.6314584654,28755.3552435116
3,District,MWI_3_25,Thyolo,both,unaware_plhiv_num,Number PLHIV unaware,4084.86485833125,615.885585323772,4047.24547530601,3971.04560274845,2985.06944346288,5361.58336695174
3,District,MWI_3_25,Thyolo,female,unaware_plhiv_num,Number PLHIV unaware,1208.16666211682,184.225495076078,1192.95580115537,1174.0080032102,877.018630683382,1588.64162366308
3,District,MWI_3_25,Thyolo,male,unaware_plhiv_num,Number PLHIV unaware,2876.69819621444,444.436159867632,2850.65846831226,2798.50584453517,2119.07733672841,3853.10099211326
3,District,MWI_3_25,Thyolo,both,aware_plhiv_num,Number PLHIV aware,68526.0538952202,3289.3116111757,68410.0791608821,68433.2634428921,62159.4244420781,75118.1012138791
3,District,MWI_3_25,Thyolo,female,aware_plhiv_num,Number PLHIV aware,45172.7337642507,2160.90338356316,45093.9292379466,45130.2933090686,41044.5755086014,49465.2996328577
3,District,MWI_3_25,Thyolo,male,aware_plhiv_num,Number PLHIV aware,23353.3201309694,1139.86436634427,23299.8821252451,23302.9128982591,21132.8235977943,25542.1320796771
3,District,MWI_3_26,Chikwawa,both,plhiv,PLHIV,39292.7056280841,2181.14993735181,39251.8906559097,39167.8203171588,34966.0489028031,43516.1459952836
3,District,MWI_3_26,Chikwawa,female,plhiv,PLHIV,24121.441501039,1337.46099123547,24122.4198829961,24059.3228388921,21482.0777459356,26704.5673210559
3,District,MWI_3_26,Chikwawa,male,plhiv,PLHIV,15171.2641270451,854.54877165867,15151.6381329621,15107.171007041,13532.7487239619,16866.3109334339
3,District,MWI_3_26,Chikwawa,both,unaware_plhiv_num,Number PLHIV unaware,1657.33937136567,339.756651333842,1615.68991906359,1596.41823364021,1107.76255318676,2428.01269269421
3,District,MWI_3_26,Chikwawa,female,unaware_plhiv_num,Number PLHIV unaware,418.60998849428,86.2610368349872,407.352741488607,403.345684601972,277.449375523316,623.29180833696
3,District,MWI_3_26,Chikwawa,male,unaware_plhiv_num,Number PLHIV unaware,1238.72938287139,259.024506126471,1201.663716435,1192.60263879629,823.649931760762,1819.84884989378
3,District,MWI_3_26,Chikwawa,both,aware_plhiv_num,Number PLHIV aware,37635.3662567185,2035.625330948,37646.2900893573,37595.1363831465,33587.8969519994,41643.5637990184
3,District,MWI_3_26,Chikwawa,female,aware_plhiv_num,Number PLHIV aware,23702.8315125448,1291.20281415187,23676.1778106185,23690.9893995805,21165.2822110534,26308.9276761232
3,District,MWI_3_26,Chikwawa,male,aware_plhiv_num,Number PLHIV aware,13932.5347441737,752.086242264493,13946.1880210631,13903.8241966948,12472.3904142432,15416.1726910398
3,District,MWI_3_27,Nsanje,both,plhiv,PLHIV,20891.0636636709,1549.35552839228,20871.8202109517,20773.2604187341,18058.8871559261,23938.8095752557
3,District,MWI_3_27,Nsanje,female,plhiv,PLHIV,13409.7815718473,968.427793491536,13386.0092221154,13342.3894403587,11628.7393961452,15302.7775584457
3,District,MWI_3_27,Nsanje,male,plhiv,PLHIV,7481.28209182358,589.508859026127,7475.91999988949,7430.13747555606,6426.50248498982,8661.7914717505
3,District,MWI_3_27,Nsanje,both,unaware_plhiv_num,Number PLHIV unaware,905.936832011495,185.867179567844,883.325935987149,867.03565026316,595.033260265945,1355.11060583409
3,District,MWI_3_27,Nsanje,female,unaware_plhiv_num,Number PLHIV unaware,253.194505770079,51.9751009382453,247.652081839462,242.314230819648,167.007708453119,376.225434045037
3,District,MWI_3_27,Nsanje,male,unaware_plhiv_num,Number PLHIV unaware,652.742326241416,138.347773898331,634.224513100975,624.750396859732,418.88782489798,973.784036274003
3,District,MWI_3_27,Nsanje,both,aware_plhiv_num,Number PLHIV aware,19985.1268316594,1453.89440543061,19973.0594539189,19922.2237784683,17267.9865516547,22848.0358932
3,District,MWI_3_27,Nsanje,female,aware_plhiv_num,Number PLHIV aware,13156.5870660772,935.693036459124,13147.036355956,13122.7368907453,11392.0477242276,14961.4829016214
3,District,MWI_3_27,Nsanje,male,aware_plhiv_num,Number PLHIV aware,6828.53976558217,523.570392687957,6821.10234234285,6799.34048780214,5882.40262988713,7846.7241605831
3,District,MWI_3_28,Neno,both,plhiv,PLHIV,7553.33021766115,700.267860093449,7568.83653510676,7483.33424281202,6195.54314437002,8944.88062662196
3,District,MWI_3_28,Neno,female,plhiv,PLHIV,4667.85473481054,442.86827328879,4677.51892840483,4626.9595342401,3800.28770582143,5546.6551067233
3,District,MWI_3_28,Neno,male,plhiv,PLHIV,2885.47548285061,261.467633541088,2892.93416409652,2856.14956628137,2400.82613781758,3415.38301280546
3,District,MWI_3_28,Neno,both,unaware_plhiv_num,Number PLHIV unaware,457.38055073237,92.2530075461439,450.73276438477,439.811044944565,302.558425813184,655.842038962546
3,District,MWI_3_28,Neno,female,unaware_plhiv_num,Number PLHIV unaware,134.622867157985,27.4457790561776,134.238681787266,129.416253542988,88.0900518762423,194.836172055988
3,District,MWI_3_28,Neno,male,unaware_plhiv_num,Number PLHIV unaware,322.757683574385,66.1428412925984,316.654048934353,310.4905389867,214.41873463875,471.693603620364
3,District,MWI_3_28,Neno,both,aware_plhiv_num,Number PLHIV aware,7095.94966692878,657.811320129003,7094.92972776074,7048.42621752455,5833.53114733741,8443.59058076806
3,District,MWI_3_28,Neno,female,aware_plhiv_num,Number PLHIV aware,4533.23186765256,431.546066804675,4546.88757493417,4504.83052398705,3711.50012685589,5414.38113677588
3,District,MWI_3_28,Neno,male,aware_plhiv_num,Number PLHIV aware,2562.71779927623,230.120379294228,2562.13086367207,2543.56840903947,2122.94571966103,3017.33295880855
